\i\dress\2017\001|_R7A0907.jpg|600|934
\i\dress\2017\001|_R7A0927.jpg|600|900
\i\dress\2017\001|_R7A0935.jpg|600|400
\i\dress\2017\001|_R7A0947.jpg|600|900
\i\dress\2017\002|_R7A1465.jpg|600|900
\i\dress\2017\002|_R7A1465_1.jpg|600|400
\i\dress\2017\002|_R7A1476.jpg|600|900
\i\dress\2017\003|_R7A1071.jpg|600|900
\i\dress\2017\003|_R7A1084.jpg|600|900
\i\dress\2017\003|_R7A1189.jpg|600|900
\i\dress\2017\003|_R7A1206.jpg|600|900
\i\dress\2017\004|_R7A1567.jpg|600|900
\i\dress\2017\004|_R7A1574.jpg|600|900
\i\dress\2017\004|_R7A1579.jpg|600|900
\i\dress\2017\004|_R7A1580.jpg|600|900
\i\dress\2017\005|_R7A1513.jpg|600|900
\i\dress\2017\005|_R7A1520.jpg|600|900
\i\dress\2017\005|_R7A1540.jpg|600|900
\i\dress\2018\001|_R7A1012.jpg|600|900
\i\dress\2018\001|_R7A1024.jpg|600|900
\i\dress\2018\001|_R7A1045.jpg|600|900
\i\dress\2018\001|_R7A5182-2.jpg|1000|1500
\i\dress\2018\001|_R7A5523.jpg|1000|1500
\i\dress\2018\002|_R7A1119.jpg|600|900
\i\dress\2018\002|_R7A1126.jpg|600|900
\i\dress\2018\002|_R7A1136.jpg|600|900
\i\dress\2018\002|_R7A1630.jpg|600|900
\i\dress\2018\002|_R7A1634.jpg|600|900
\i\dress\2018\003|_R7A5115.jpg|600|900
\i\dress\2018\003|_R7A5120.jpg|600|900
\i\dress\2018\003|_R7A5120_1.jpg|600|400
\i\dress\2018\003|_R7A5132.jpg|600|900
\i\dress\2018\003|_R7A5132_1.jpg|600|400
\i\dress\2018\003|_R7A5137-2.jpg|1000|1500
\i\dress\2018\004|_R7A5146.jpg|600|900
\i\dress\2018\004|_R7A5148.jpg|600|900
\i\dress\2018\004|_R7A5151.jpg|600|900
\i\dress\2018\004|_R7A5168.jpg|1000|1500
\i\dress\2018\005|_R7A5076.jpg|1000|1500
\i\dress\2018\005|_R7A5304.jpg|600|900
\i\dress\2018\005|_R7A5307-1.jpg|600|900
\i\dress\2018\006|_R7A5378.jpg|600|900
\i\dress\2018\006|_R7A5378_1.jpg|600|400
\i\dress\2018\006|_R7A5408.jpg|600|900
\i\dress\2018\007|_R7A5468.jpg|1000|1500
\i\dress\2018\007|_R7A5493.jpg|1000|1500
\i\dress\2018\007|_R7A5500.jpg|1000|1500
\i\dress\2018\008|_R7A4990.jpg|1000|1500
\i\dress\2018\008|_R7A5006.jpg|1000|1500
\i\dress\2018\008|_R7A5548.jpg|1000|1500
\i\dress\2018\008|_R7A5551.jpg|1000|1500
\i\dress\2018\008|_R7A5557.jpg|1000|1500
\i\dress\_design\001|_R7A0998.jpg|1000|1500
\i\dress\_design\001|_R7A1156.jpg|1000|667
\i\dress\_design\001|_R7A1180.jpg|1000|1500
\i\dress\_design\002|_R7A0984.jpg|600|744
\i\dress\_design\002|_R7A0994.jpg|600|900
\i\dress\_design\003|_R7A5236.jpg|1000|1500
\i\dress\_design\003|_R7A5239.jpg|1000|1500
\i\dress\_design\004|_R7A1357.jpg|600|900
\i\dress\_design\004|_R7A1372.jpg|600|900
\i\dress\_design\004|_R7A1376.jpg|600|900
\i\dress\_design\005|_R7A1403.jpg|600|900
\i\dress\_design\005|_R7A1408.jpg|600|900
\i\dress\_design\005|_R7A1440.jpg|600|900
\i\dress\_design\005|_R7A1444.jpg|600|900
\i\dress\_other|_R7A0957.jpg|600|900
\i\dress\_other|_R7A0964.jpg|600|900
\i\dress\_other|_R7A1546.jpg|600|900
\i\dress\_other|_R7A1549.jpg|600|400
\i\dress\_other|_R7A1584.jpg|600|900
\i\dress\_other|_R7A1585.jpg|600|900
\i\dress\_other|_R7A5101.jpg|600|900
\i\dress\_other|_R7A5170.jpg|600|900
\i\dress\_other|_R7A5196.jpg|600|900
\i\dress\_other|_R7A5204.jpg|600|900
\i\dress\_other|_R7A5212.jpg|600|900
\i\dress\_other|_R7A5213.jpg|600|900
